J0001	9787540691851	南方新课堂金牌学案 语文 三年级(上)人教版（配送）
J0002	9787554841938	百年学典同步导学与优化训练 语文 三年级(上)人教版（配送）
J0003	9787559852731	自主与互动学习新课程学习辅导 语文 三年级(上)人教版（配送）
J0004	9787554861219	南方新课堂金牌学案 英语 三年级(上)人教版（配送）
J0005	9787107387142	小学同步测控优化设计 英语 三年级(上)人教版（配送）
J0006	9787559873255	自主与互动学习新课程学习辅导 英语 三年级(上)人教版（配送）
J0007	9787554860915	百年学典同步导学与优化训练 英语 三年级(上)人教版（配送）
J1004	9787549106004	暑假作业合订本三年级（配送）
J0017	9787540691844	南方新课堂金牌学案 语文 四年级(上)人教版（配送）
J0018	9787554841945	百年学典同步导学与优化训练 语文 四年级(上)人教版（配送）
J0019	9787559852960	自主与互动学习新课程学习辅导 语文 四年级(上)人教版（配送）
J0020	9787540691622	南方新课堂金牌学案 英语 四年级(上)人教版（配送）
J0021	9787107317682	小学同步测控优化设计 英语 四年级(上)人教版（配送）
J0022	9787563386048	自主与互动学习新课程学习辅导 英语 四年级(上)人教版（配送）
J0023	9787554841983	百年学典同步导学与优化训练 英语 四年级(上)人教版（配送）
J1012	9787549105984	暑假作业合订本四年级（配送）
J0033	9787540691837	南方新课堂金牌学案 语文 五年级(上)人教版（配送）
J0034	9787554841952	百年学典同步导学与优化训练 语文 五年级(上)人教版（配送）
J0035	9787559852953	自主与互动学习新课程学习辅导 语文 五年级(上)人教版（配送）
J0036	9787540691615	南方新课堂金牌学案 英语 五年级(上)人教版（配送）
J0037	9787107317705	小学同步测控优化设计 英语 五年级(上)人教版（配送）
J0038	9787563386031	自主与互动学习新课程学习辅导 英语 五年级(上)人教版（配送）
J0039	9787554841990	百年学典同步导学与优化训练 英语 五年级(上)人教版（配送）
J1020	9787549105960	暑假作业合订本五年级（配送）
J3002	9787107354915	同步解析与测评学考练 语文 五年级上册（精编版）（配送）
J3002	9787107354915	同步解析与测评学考练 语文 五年级上册（精编版）（配送）
J0049	9787540691820	南方新课堂金牌学案 语文 六年级(上)人教版（配送）
J0050	9787554841969	百年学典同步导学与优化训练 语文 六年级(上)人教版（配送）
J0051	9787559852946	自主与互动学习新课程学习辅导 语文 六年级(上)人教版（配送）
J0052	9787540691608	南方新课堂金牌学案 英语 六年级(上)人教版（配送）
J0053	9787107317712	小学同步测控优化设计 英语 六年级(上)人教版（配送）
J0054	9787563388455	自主与互动学习新课程学习辅导 英语 六年级(上)人教版（配送）
J0055	9787554842003	百年学典同步导学与优化训练 英语 六年级(上)人教版（配送）
J2000	9787554858875	南方新课堂金牌学案 语文 七年级(上)人教版（配送）
J2001	9787554860991	百年学典同步导学与优化训练 语文 七年级(上)人教版（配送）
J2002	9787559872623	自主与互动学习新课程学习辅导 语文 七年级(上)人教版（配送）
J2003	9787554858912	南方新课堂金牌学案 道德与法治 七年级(上)人教版（配送）
J2004	9787554861097	百年学典同步导学与优化训练 道德与法治 七年级(上)人教版（配送）
J2005	9787554861493	名师小课堂同步精练 道德与法治 七年级(上)人教版（配送）
J2006	9787554858929	南方新课堂金牌学案 历史 七年级(上)人教版（配送）
J2007	9787554861516	名师小课堂同步精练 历史 七年级(上)人教版（配送）
J2008	9787554861110	百年学典同步导学与优化训练 中国历史 七年级(上)人教版（配送）
J2017	9787554858950	南方新课堂金牌学案 地理 七年级(上)湘教版（配送）
J2020	9787553906034	知识与能力训练 地理 七年级(上)湘教版（配送）
J3004	9787107388569	同步解析与测评学考练 语文 七年级上册（精编版）（配送）
J3008	9787107388552	同步解析与测评学考练 中国历史 七年级上册（精编版）（配送）
J3012	9787107388545	同步解析与测评学考练 道德与法治 七年级上册（精编版）（配送）
J2025	9787540691585	南方新课堂金牌学案 语文 八年级(上)人教版（配送）
J2026	9787540563837	百年学典同步导学与优化训练 语文 八年级(上)人教版（配送）
J2027	9787893925887	自主与互动学习新课程学习辅导 语文 八年级(上)人教版（配送）
J2028	9787554818930	南方新课堂金牌学案 道德与法治 八年级(上)人教版（配送）
J2029	9787558308321	百年学典同步导学与优化训练 道德与法治 八年级(上)人教版（配送）
J2030	9787218118574	名师小课堂同步精练 道德与法治 八年级(上)人教版（配送）
J2031	9787540692049	南方新课堂金牌学案 历史 八年级(上)人教版（配送）
J2032	9787218089355	名师小课堂同步精练 历史 八年级(上)人教版（配送）
J2033	9787540554316	百年学典同步导学与优化训练 中国历史 八年级(上)人教版（配送）
J2042	9787540692377	南方新课堂金牌学案 地理 八年级(上)湘教版（配送）
J3005	9787107355561	同步解析与测评学考练 语文 八年级上册（精编版）（配送）
J3005	9787107355561	同步解析与测评学考练 语文 八年级上册（精编版）（配送）
J3009	9787107355134	同步解析与测评学考练 中国历史 八年级上册（精编版）（配送）
J3013	9787107360930	同步解析与测评学考练 道德与法治 八年级上册（精编版）（配送）
J3013	9787107360930	同步解析与测评学考练 道德与法治 八年级上册（精编版）（配送）
J2049	9787540691578	南方新课堂金牌学案 语文 九年级(上)人教版（配送）
J2051	9787554842034	百年学典同步导学与优化训练 语文 九年级(上)人教版（配送）
J2053	9787559852939	自主与互动学习新课程学习辅导 语文 九年级(上)人教版（配送）
J2055	9787554823705	南方新课堂金牌学案 道德与法治 九年级(上)人教版（配送）
J2057	9787554842065	百年学典同步导学与优化训练 道德与法治 九年级(上)人教版（配送）
J2059	9787218129792	名师小课堂同步精练 道德与法治 九年级(上)人教版（配送）
J2061	9787540692025	南方新课堂金牌学案 历史 九年级(上)人教版（配送）
J2063	9787554843598	名师小课堂同步精练 历史 九年级(上)人教版（配送）
J2065	9787554842232	百年学典同步导学与优化训练 世界历史 九年级(上)人教版（配送）
J3006	9787107356667	同步解析与测评学考练 语文 九年级上册（精编版）（配送）
J3006	9787107356667	同步解析与测评学考练 语文 九年级上册（精编版）（配送）
J3010	9787107355127	同步解析与测评学考练 世界历史 九年级上册（精编版）（配送）
J3014	9787107354946	同步解析与测评学考练 道德与法治 九年级上册（精编版）（配送）
J3021	9787107381928	同步解析与测评学考练 英语 必修第一册（配送）
J3021	9787107381928	同步解析与测评学考练 英语 必修第一册（配送）
J3022	9787107381935	同步解析与测评学考练 英语 必修第二册（配送）
J3022	9787107381935	同步解析与测评学考练 英语 必修第二册（配送）
J7000	9787554831687	南方新课堂金牌学案 语文 必修上册人教版（配送）
J7005	9787540554996	百年学典全优课堂 语文 必修上册人教版（配送）
J7010	9787536177277	金版学案高中同步辅导与检测 语文 必修上册人教版（配送）
J7015	9787554831786	南方新课堂金牌学案 英语 必修第一册人教版（配送）
J7022	9787554843420	百年学典全优课堂 英语 必修第一册人教版（配送）
J7029	9787536177604	金版学案高中同步辅导与检测 英语 必修第一册人教版（配送）
J7050	9787554832141	南方新课堂金牌学案 历史 必修1中外历史纲要（上）人教版（配送）
J7052	9787554832165	南方新课堂金牌学案 历史 选择性必修1国家制度与社会治理人教版（配送）
J7055	9787554843406	百年学典全优课堂 历史 必修1中外历史纲要（上）人教版（配送）
J7057	9787554843734	百年学典全优课堂 历史 选择性必修1国家制度与社会治理人教版（配送）
J7060	9787536177406	金版学案高中同步辅导与检测 历史 必修中外历史纲要（上）人教版（配送）
J7062	9787536176881	金版学案高中同步辅导与检测 历史 选择性必修1国家制度与社会治理（配送）
J7065	9787553813547	导学同步历史必修 中外历史纲要 （上）人教版（配送）
J7067	9787553814889	导学同步历史选择性必修1 国家制度与社会治理 人教版（配送）
J7070	9787554833551	南方新课堂金牌学案 思想政治 必修1中国特色社会主义人教版（配送）
J7071	9787554833568	南方新课堂金牌学案 思想政治 必修2经济与社会人教版（配送）
J7077	9787540565350	百年学典全优课堂 思想政治 必修1中国特色社会主义人教版（配送）
J7078	9787554838709	百年学典全优课堂 思想政治 必修2经济与社会人教版（配送）
J7084	9787536177482	金版学案高中同步辅导与检测 思想政治 必修1中国特色社会主义人教（配送）
J7085	9787536177499	金版学案高中同步辅导与检测 思想政治 必修2经济与社会人教版（配送）
J3025	9787107381966	同步解析与测评学考练 英语 选择性必修第二册（配送）
J3026	9787107381973	同步解析与测评学考练 英语 选择性必修第三册（配送）
J3026	9787107381973	同步解析与测评学考练 英语 选择性必修第三册（配送）
J7002	9787554831700	南方新课堂金牌学案 语文 选择性必修上册人教版（配送）
J7003	9787554831717	南方新课堂金牌学案 语文 选择性必修中册人教版（配送）
J7007	9787554843185	百年学典全优课堂 语文 选择性必修上册人教版（配送）
J7008	9787554843192	百年学典全优课堂 语文 选择性必修中册人教版（配送）
J7012	9787536176898	金版学案高中同步辅导与检测 语文 选择性必修上册人教版（配送）
J7013	9787536177260	金版学案高中同步辅导与检测 语文 选择性必修中册人教版（配送）
J7016	9787554831793	南方新课堂金牌学案 英语 必修第二册人教版（配送）
J7018	9787554831816	南方新课堂金牌学案 英语 选择性必修第一册人教版（配送）
J7019	9787554831823	南方新课堂金牌学案 英语 选择性必修第二册人教版（配送）
J7020	9787554831830	南方新课堂金牌学案 英语 选择性必修第三册人教版（配送）
J7023	9787554838549	百年学典全优课堂 英语 必修第二册人教版（配送）
J7025	9787554839072	百年学典全优课堂 英语 选择性必修第一册人教版（配送）
J7026	9787554838723	百年学典全优课堂 英语 选择性必修第二册人教版（配送）
J7027	9787554838730	百年学典全优课堂 英语 选择性必修第三册人教版（配送）
J7030	9787536177697	金版学案高中同步辅导与检测 英语 必修第二册人教版（配送）
J7032	9787536177314	金版学案高中同步辅导与检测 英语 选择性必修第一册人教版（配送）
J7033	9787536176935	金版学案高中同步辅导与检测 英语 选择性必修第二册人教版（配送）
J7034	9787536175297	金版学案高中同步辅导与检测 英语 选择性必修第三册人教版（配送）
J7053	9787554832172	南方新课堂金牌学案 历史 选择性必修2经济与社会生活人教版（配送）
J7054	9787554832189	南方新课堂金牌学案 历史 选择性必修3文化交流与传播人教版（配送）
J7058	9787554843727	百年学典全优课堂 历史 选择性必修2经济与社会生活人教版（配送）
J7063	9787536177758	金版学案高中同步辅导与检测 历史 选择性必修2经济与社会生活人教（配送）
J7068	9787553814919	导学同步历史选择性必修2 经济与社会生活 人教版（配送）
J7069	9787553814926	导学同步历史选择性必修3 文化交流与传播 人教版（配送）
J7073	9787554833582	南方新课堂金牌学案 思想政治 必修4哲学与文化人教版（配送）
J7074	9787554833599	南方新课堂金牌学案 思想政治 选择性必修1当代国际政治与经济人教（配送）
J7075	9787554833605	南方新课堂金牌学案 思想政治 选择性必修2法律与生活人教版（配送）
J7080	9787554838655	百年学典全优课堂 思想政治 必修4哲学与文化人教版（配送）
J7081	9787554843772	百年学典全优课堂 思想政治 选择性必修1当代国际政治与经济人教版（配送）
J7087	9787536176058	金版学案高中同步辅导与检测 思想政治 必修4哲学与文化人教版（配送）
J7088	9787536177284	金版学案高中同步辅导与检测 思想政治 选择性必修1当代国际政治与（配送）
J7089	9787536177925	金版学案高中同步辅导与检测 思想政治 选择性必修2法律与生活人教（配送）
J6004	9787550738003	2025年课堂新坐标高考总复习语文（配送）
J6005	9787535960450	2025年高考总复习核按钮语文（配送）
J6008	9787218089263	2025年名师小课堂高考总复习英语（配送）
J6016	9787536176652	2025年金版学案高考总复习思想政治（配送）
J6017	9787554840214	2025年百年学典高考总复习思想政治（配送）
J6018	9787550737983	2025年课堂新坐标高考总复习政治（配送）
J6020	9787550716261	2025年课堂新坐标高考总复习历史(人教版）（配送）
J6025	9787554840245	2025年百年学典高考总复习地理（配送）
J6027	9787536176614	2025年金版学案高考总复习地理（配送）
